WKT,id
"POINT (4.40490437867463 50.8780425035955)","1"
