WKT,id
"POLYGON ((4.28 50.8018,4.52513602283978 50.7988523864929,4.5302158056861 50.954190804141,4.28426390478117 50.9571546834419,4.28 50.8018))","1"
