WKT,id
"POLYGON ((17.1250130595416 49.5133376024096,17.3634730930402 49.5087097220093,17.370990132036 49.6639777601139,17.1317731519337 49.668630952944,17.1250130595416 49.5133376024096))","1"
