WKT,id
"POINT (17.2478128875718 49.5887050728419)","1"
