id,wkt
1,"POLYGON ((-9.266382710888779 38.66084024668065,-9.067770764888188 38.66112392852257,-9.067918093786094 38.81684705138342,-9.266961800421251 38.81656179569815,-9.266382710888779 38.66084024668065))"
